db149_SNP_ID,chr,chr_position
rsX001,4,177558514
rsX002,19,442675
rsX003,19,238404
rsX004,4,135561143
rsX005,19,48440
rsX006,4,22474241
rsX007,4,178157767
rsX008,1,180682638
rsX009,4,22571167
rsX010,19,36346
rsX011,1,181006806
rsX012,1,181005024
rsX013,1,180709233
rsX014,19,106704
rsX015,1,181114464
rsX016,19,160870
rsX017,19,107075
rsX018,19,422637
rsX019,19,113462
rsX020,1,181020238
rsX021,1,181060085
rsX022,19,599943
rsX023,19,169787
rsX024,19,376879
rsX025,19,141544
rsX026,19,402954
rsX027,4,177956612
rsX028,4,178073499
rsX029,4,22275597
rsX030,1,180744030
rsX031,1,181058720
rsX032,4,22861685
rsX033,4,22682377
rsX034,19,622636
rsX035,4,135861949
rsX036,4,22924223
rsX037,1,181106008
rsX038,4,136047668
rsX039,1,180934838
rsX040,1,181058949
rsX041,4,22465713
rsX042,4,22470182
rsX043,19,190524
rsX044,1,181005912
rsX045,19,125316
rsX046,19,99669
rsX047,19,156172
rsX048,19,139587
rsX049,1,181040482
rsX050,19,138345
rsX051,19,139425
rsX052,1,180575433
rsX053,19,136349
rsX054,19,155716
rsX055,1,181116544
rsX056,4,136032256
rsX057,4,177971967
rsX058,4,177973123
rsX059,4,177973549
rsX060,19,128944
rsX061,1,180871514
rsX062,1,181065405
rsX063,4,177602406
rsX064,19,598122
rsX065,1,181180883
rsX066,1,180708005
rsX099,1,180709100
