dae_snp,candidate_snp,chromosome,dae_snp_position,candidate_snp_position
rsX099,rsX008,1,180709100,180682638
rsX099,rsX011,1,180709100,181006806
rsX099,rsX012,1,180709100,181005024
rsX099,rsX013,1,180709100,180709233
rsX099,rsX015,1,180709100,181114464
rsX099,rsX020,1,180709100,181020238
rsX099,rsX021,1,180709100,181060085
rsX099,rsX030,1,180709100,180744030
rsX099,rsX031,1,180709100,181058720
rsX099,rsX037,1,180709100,181106008
rsX099,rsX039,1,180709100,180934838
rsX099,rsX040,1,180709100,181058949
rsX099,rsX044,1,180709100,181005912
rsX099,rsX049,1,180709100,181040482
rsX099,rsX052,1,180709100,180575433
rsX099,rsX055,1,180709100,181116544
rsX099,rsX061,1,180709100,180871514
rsX099,rsX062,1,180709100,181065405
rsX099,rsX065,1,180709100,181180883
rsX099,rsX066,1,180709100,180708005
rsX020,rsX008,1,181020238,180682638
rsX020,rsX011,1,181020238,181006806
rsX020,rsX012,1,181020238,181005024
rsX020,rsX013,1,181020238,180709233
rsX020,rsX015,1,181020238,181114464
rsX020,rsX021,1,181020238,181060085
rsX020,rsX030,1,181020238,180744030
rsX020,rsX031,1,181020238,181058720
rsX020,rsX037,1,181020238,181106008
rsX020,rsX039,1,181020238,180934838
rsX020,rsX040,1,181020238,181058949
rsX020,rsX044,1,181020238,181005912
rsX020,rsX049,1,181020238,181040482
rsX020,rsX052,1,181020238,180575433
rsX020,rsX055,1,181020238,181116544
rsX020,rsX061,1,181020238,180871514
rsX020,rsX062,1,181020238,181065405
rsX020,rsX065,1,181020238,181180883
rsX020,rsX066,1,181020238,180708005
rsX049,rsX008,1,181040482,180682638
rsX049,rsX011,1,181040482,181006806
rsX049,rsX012,1,181040482,181005024
rsX049,rsX013,1,181040482,180709233
rsX049,rsX015,1,181040482,181114464
rsX049,rsX020,1,181040482,181020238
rsX049,rsX021,1,181040482,181060085
rsX049,rsX030,1,181040482,180744030
rsX049,rsX031,1,181040482,181058720
rsX049,rsX037,1,181040482,181106008
rsX049,rsX039,1,181040482,180934838
rsX049,rsX040,1,181040482,181058949
rsX049,rsX044,1,181040482,181005912
rsX049,rsX052,1,181040482,180575433
rsX049,rsX055,1,181040482,181116544
rsX049,rsX061,1,181040482,180871514
rsX049,rsX062,1,181040482,181065405
rsX049,rsX065,1,181040482,181180883
rsX049,rsX066,1,181040482,180708005
rsX031,rsX008,1,181058720,180682638
rsX031,rsX011,1,181058720,181006806
rsX031,rsX012,1,181058720,181005024
rsX031,rsX013,1,181058720,180709233
rsX031,rsX015,1,181058720,181114464
rsX031,rsX020,1,181058720,181020238
rsX031,rsX021,1,181058720,181060085
rsX031,rsX030,1,181058720,180744030
rsX031,rsX037,1,181058720,181106008
rsX031,rsX039,1,181058720,180934838
rsX031,rsX040,1,181058720,181058949
rsX031,rsX044,1,181058720,181005912
rsX031,rsX049,1,181058720,181040482
rsX031,rsX052,1,181058720,180575433
rsX031,rsX055,1,181058720,181116544
rsX031,rsX061,1,181058720,180871514
rsX031,rsX062,1,181058720,181065405
rsX031,rsX065,1,181058720,181180883
rsX031,rsX066,1,181058720,180708005
rsX019,rsX002,19,113462,442675
rsX019,rsX003,19,113462,238404
rsX019,rsX005,19,113462,48440
rsX019,rsX010,19,113462,36346
rsX019,rsX014,19,113462,106704
rsX019,rsX016,19,113462,160870
rsX019,rsX017,19,113462,107075
rsX019,rsX018,19,113462,422637
rsX019,rsX022,19,113462,599943
rsX019,rsX023,19,113462,169787
rsX019,rsX024,19,113462,376879
rsX019,rsX025,19,113462,141544
rsX019,rsX026,19,113462,402954
rsX019,rsX043,19,113462,190524
rsX019,rsX045,19,113462,125316
rsX019,rsX046,19,113462,99669
rsX019,rsX047,19,113462,156172
rsX019,rsX048,19,113462,139587
rsX019,rsX050,19,113462,138345
rsX019,rsX051,19,113462,139425
rsX019,rsX053,19,113462,136349
rsX019,rsX054,19,113462,155716
rsX019,rsX060,19,113462,128944
rsX019,rsX064,19,113462,598122
rsX060,rsX002,19,128944,442675
rsX060,rsX003,19,128944,238404
rsX060,rsX005,19,128944,48440
rsX060,rsX010,19,128944,36346
rsX060,rsX014,19,128944,106704
rsX060,rsX016,19,128944,160870
rsX060,rsX017,19,128944,107075
rsX060,rsX018,19,128944,422637
rsX060,rsX019,19,128944,113462
rsX060,rsX022,19,128944,599943
rsX060,rsX023,19,128944,169787
rsX060,rsX024,19,128944,376879
rsX060,rsX025,19,128944,141544
rsX060,rsX026,19,128944,402954
rsX060,rsX034,19,128944,622636
rsX060,rsX043,19,128944,190524
rsX060,rsX045,19,128944,125316
rsX060,rsX046,19,128944,99669
rsX060,rsX047,19,128944,156172
rsX060,rsX048,19,128944,139587
rsX060,rsX050,19,128944,138345
rsX060,rsX051,19,128944,139425
rsX060,rsX053,19,128944,136349
rsX060,rsX054,19,128944,155716
rsX060,rsX064,19,128944,598122
rsX051,rsX002,19,139425,442675
rsX051,rsX003,19,139425,238404
rsX051,rsX005,19,139425,48440
rsX051,rsX010,19,139425,36346
rsX051,rsX014,19,139425,106704
rsX051,rsX016,19,139425,160870
rsX051,rsX017,19,139425,107075
rsX051,rsX018,19,139425,422637
rsX051,rsX019,19,139425,113462
rsX051,rsX022,19,139425,599943
rsX051,rsX023,19,139425,169787
rsX051,rsX024,19,139425,376879
rsX051,rsX025,19,139425,141544
rsX051,rsX026,19,139425,402954
rsX051,rsX034,19,139425,622636
rsX051,rsX043,19,139425,190524
rsX051,rsX045,19,139425,125316
rsX051,rsX046,19,139425,99669
rsX051,rsX047,19,139425,156172
rsX051,rsX048,19,139425,139587
rsX051,rsX050,19,139425,138345
rsX051,rsX053,19,139425,136349
rsX051,rsX054,19,139425,155716
rsX051,rsX060,19,139425,128944
rsX051,rsX064,19,139425,598122
rsX048,rsX002,19,139587,442675
rsX048,rsX003,19,139587,238404
rsX048,rsX005,19,139587,48440
rsX048,rsX010,19,139587,36346
rsX048,rsX014,19,139587,106704
rsX048,rsX016,19,139587,160870
rsX048,rsX017,19,139587,107075
rsX048,rsX018,19,139587,422637
rsX048,rsX019,19,139587,113462
rsX048,rsX022,19,139587,599943
rsX048,rsX023,19,139587,169787
rsX048,rsX024,19,139587,376879
rsX048,rsX025,19,139587,141544
rsX048,rsX026,19,139587,402954
rsX048,rsX034,19,139587,622636
rsX048,rsX043,19,139587,190524
rsX048,rsX045,19,139587,125316
rsX048,rsX046,19,139587,99669
rsX048,rsX047,19,139587,156172
rsX048,rsX050,19,139587,138345
rsX048,rsX051,19,139587,139425
rsX048,rsX053,19,139587,136349
rsX048,rsX054,19,139587,155716
rsX048,rsX060,19,139587,128944
rsX048,rsX064,19,139587,598122
rsX041,rsX006,4,22465713,22474241
rsX041,rsX009,4,22465713,22571167
rsX041,rsX029,4,22465713,22275597
rsX041,rsX032,4,22465713,22861685
rsX041,rsX033,4,22465713,22682377
rsX041,rsX036,4,22465713,22924223
rsX041,rsX042,4,22465713,22470182
rsX038,rsX004,4,136047668,135561143
rsX038,rsX035,4,136047668,135861949
rsX038,rsX056,4,136047668,136032256
rsX058,rsX001,4,177973123,177558514
rsX058,rsX007,4,177973123,178157767
rsX058,rsX027,4,177973123,177956612
rsX058,rsX028,4,177973123,178073499
rsX058,rsX057,4,177973123,177971967
rsX058,rsX059,4,177973123,177973549
rsX058,rsX063,4,177973123,177602406
rsX059,rsX001,4,177973549,177558514
rsX059,rsX007,4,177973549,178157767
rsX059,rsX027,4,177973549,177956612
rsX059,rsX028,4,177973549,178073499
rsX059,rsX057,4,177973549,177971967
rsX059,rsX058,4,177973549,177973123
rsX059,rsX063,4,177973549,177602406
