dae_snp,s01,s02,s03,s04,s05,s06,s07,s08,s09,s10,s11,s12,s13,s14,s15,s16,s17,s18,s19,s20,s21,s22,s23,s24,s25,s26,s27,s28,s29,s30,s31,s32,s33,s34,s35,s36,s37,s38,s39,s40,s41,s42,s43,s44,s45,s46,s47,s48,s49,s50
rsX031,0.432761283551411,1.28668700156832,0.600652285079622,0.360492544514745,-1.31717286907237,,,-0.978886180734206,-0.583724774202617,0.717941164574546,-0.272983623966344,0.187888969900589,0.23021934750637,-0.10742984354734,-0.115642321755221,-1.40706890451076,0.250119730432164,0.249300427570638,-0.568857995672252,-0.976851985883002,-0.0248905336126413,-0.152477166584516,-0.103937882621178,0.706931144316536,0.0310362360897578,0.0818968993875817,-0.944510690780023,0.19893764702978,-0.838408429272307,-0.244919228711608,-0.663900178301279,-0.732136759635583,0.193453759966621,-0.262827385585189,0.534441170400476,-1.22260670676503,-1.1902557141127,-2.24352224063687,-2.5087646542111,-0.301640999733689,-0.142052522825306,-0.184756906789862,-0.155178317131654,0.0364297207089699,-0.351787181165612,0.110977586055603,-1.05068261944361,-0.22968866673565,-0.237689382575043,0.0698903839543759
rsX058,,1.89762256219787,1.38378226487997,-0.923977134475791,2.4102083460271,2.02036982266669,0.191207602789282,2.11798910542193,,1.33686323522168,1.74922906761407,1.8705763806351,3.31177618820122,2.34570207971689,,1.22673444587206,,1.59349553736994,2.1274398564854,-0.754061548114445,-1.16507817168311,-0.761469124493834,2.38291863820663,2.24914006462293,-0.425375719775758,2.26682468880545,2.63317254001845,1.23753868991841,1.76108887125971,-0.729347613868841,-0.710901984169269,-0.11705088689347,-0.38354211012744,-0.971133476251286,-0.806648134406739,1.55597334970376,1.95750106947606,1.9074601137088,1.5425535283108,-0.939171940437788,-0.82349605277037,1.36660646079923,-0.444259166385146,1.85467942990002,1.65210732568641,1.43722474307185,1.59206015645726,1.86756354230656,2.08943030552024,-1.01745411772029
rsX049,0.465473961166813,0.641174182476099,0.494719326206159,-0.244317755512691,0.482540070982694,-0.342039121488616,0.201793512585505,-0.651734357344335,0.678949797716058,0.53262091849435,,0.598173997733596,0.188509044172614,-0.212944145979906,0.192413583935011,0.411846933340827,0.321451455710672,0.807142296359812,-1.93528167480824,0.760864152470292,-0.269374196373862,,0.336449519946894,0.868470563965984,0.014825671915311,-0.884468640469917,-1.40242506367019,0.638193096342476,-1.27007839210521,-1.45935262679753,0.450057501475523,-0.641070671333628,-0.534813826718105,-0.972423344679934,0.822113749415532,-0.423774819724699,-1.48161402762463,-0.727387008776905,-0.361026591773951,-0.0661910922417768,-0.0960873723513007,-0.77717795937949,0.635705555741595,0.145905143567976,0.894038369408008,0.919885432158733,-0.0106145758489777,-0.907864428343128,0.975690930184088,-0.631997917026737
rsX051,0.2317563,0.515059,,,0.8017799,1.156131,,0.1090472,0.04682111,-0.5846364,-0.4303132,,1.153709,,0.7462205,-1.001689,-0.3920873,-0.2398856,0.7065626,-0.5092581,-0.06075213,0.4956226,0.2906501,0.07715391,0.08332474,,-0.07544936,-0.4369311,-0.6803511,-0.3105186,0.5806723,0.279732,-0.3845463,-0.7185908,0.2456449,0.2454755,0.3111534,0.5389243,0.03997083,-1.040504,0.4590498,-1.146685,0.8103086,-1.532212,-0.241655,-0.1415156,-0.2734387,,-1.971096,0.3253223
rsX038,-0.4708422,0.3419508,0.5077259,-0.08951668,0.07892864,2.384959,0.5114592,,0.594116,,-1.345156,0.6645412,1.760811,2.379329,-0.3158288,1.175837,,0.8638265,1.34189,1.023044,-1.062546,-1.352632,0.6164053,0.7208113,1.242795,0.03072653,0.1958452,-0.3657455,-0.3433224,-0.3410252,1.470232,0.2433585,1.064653,2.181424,0.6346965,-0.1388279,1.077654,0.7403617,0.9372426,0.7591985,-0.2693711,-1.913661,1.360885,1.262819,1.133488,,2.363385,1.250003,2.202707,1.334829
rsX041,0.1691789,-0.8541327,0.3527521,2.555891,-1.002074,0.5601086,-1.010144,,-1.518011,,-1.027521,0.05244951,4.179783,-0.7804017,0.2079636,-0.5115392,,-0.6726559,0.3750801,-1.871422,-0.6185947,1.450346,0.126985,-3.727349,-2.390683,-0.1617311,-0.780237,-0.03986022,-0.5111304,-2.327982,-2.177188,0.0917718,-0.4502319,0.6029621,0.2196361,2.697848,-0.2996944,-0.1133157,-3.131849,1.009783,-0.6079415,-0.4333202,-0.8091271,2.014069,-1.697587,0.2245492,0.02342884,-1.513203,-2.166504,0.7172994
rsX020,2.468069,,2.8156,,1.177345,1.048496,-1.676227,2.189667,0.8376011,1.868426,1.001512,0.837591,1.612186,2.787878,1.187432,2.658423,2.869076,2.325613,0.4850008,1.8563,2.003514,1.582039,1.747146,1.956574,2.057133,2.151127,1.162108,2.012602,0.1977026,0.5377645,2.956155,0.5740786,1.621946,3.325865,2.854544,2.408194,1.312046,2.659767,1.80319,1.289992,2.266454,2.12639,,0.8499557,0.2315692,1.220717,2.452371,1.565812,1.061198,0.4339519
rsX019,0.3417655,0.02681199,0.09909749,-0.2798529,-0.1383071,1.380739,-0.7812126,-0.07113485,-0.6299437,-0.1980128,-0.2793181,-0.9454073,,-0.1909107,,-0.9242346,-0.03798342,0.03065449,1.26916,0.1044647,0.0479302,-0.1938733,0.3416061,,-0.2756897,-0.1020143,-0.05727004,-0.2316914,0.02399286,-0.219902,-0.1477494,-0.1617214,-0.3256711,0.644945,-0.09344319,0.2631381,0.03744975,0.2599475,0.4236619,-0.1581704,0.171668,-0.4486172,0.3587615,-4.887098,-0.4003971,0.09732815,-0.4333006,-0.1602315,-1.719646,0.1691599
rsX060,0.07940053,-0.6160039,-0.7395817,1.017713,-0.3197419,,0.2886183,-0.02176266,-0.007234345,-1.069719,-0.1300359,0.89075,4.726142,-0.685633,-2.043972,1.270904,0.8304887,-1.103855,-0.3864245,0.7631102,0.8024809,-0.164125,0.101002,-0.2042138,-0.01453523,-0.1985484,-0.9557321,-0.3550955,-0.7051331,-0.05388834,-0.3892527,0.378399,0.5937243,1.088971,0.2808045,0.3228842,-0.1314834,-0.07727452,-1.035986,1.698929,-0.2649121,0.7926381,-0.339971,1.639363,-0.3540441,-0.1239159,0.6641958,0.4636921,0.5867897,-0.1306459
rsX048,1.316603,0.8459135,1.244415,1.3158,0.5364327,0.1091776,0.6447845,1.453837,0.7845812,0.6839953,0.9938607,1.719997,-2.127752,1.487468,0.7873976,1.110159,0.5451678,0.512523,0.6907598,1.040748,0.837414,1.57484,0.9376544,1.275838,1.090997,-0.7132779,2.572046,0.6287088,0.964327,0.9639461,1.263287,1.01506,0.5576753,0.7852918,1.275771,1.105448,0.2361879,0.8086367,1.485806,1.282153,1.758171,0.9939414,1.229085,3.104952,0.708776,0.695826,0.366587,1.199056,0.7369969,0.5543899
rsX059,0.1194531,0.6558114,,0.5047401,0.4863372,-3.141867,-4.08833,-2.457741,,0.1432645,,0.8630795,1.148883,0.6938615,0.71407,1.340569,0.02490086,0.7911517,0.9992687,-3.461876,-2.67322,1.73702,1.153903,-4.801566,-2.467856,-0.01946596,1.033055,0.05719193,1.80227,-0.07091411,0.1137993,0.1873031,1.120058,1.1388,-3.223174,1.058799,-2.195936,0.573721,0.9219113,0.2608791,-1.99029,-1.387255,1.738065,-2.354848,1.659822,0.9586521,1.010844,-0.1670062,1.123531,
